factor_id,purity,n_articles,factor_rank,factor_label
20133,1,71,1,1 | factor 20133
23579,1,22,2,2 | factor 23579
30673,1,22,3,3 | factor 30673
2620,1,20,4,4 | factor 2620
5989,0.9943779201385592,29,5,5 | factor 5989
25981,0.9938399800672312,35,6,6 | factor 25981
13221,0.990456979429355,24,7,7 | factor 13221
22135,0.9892204607449098,189,8,8 | factor 22135
3244,0.9885800139234476,75,9,9 | factor 3244
1970,0.988283922472972,20,10,10 | factor 1970
30102,0.9868212886747414,42,11,11 | factor 30102
4443,0.9787317127476056,26,12,12 | factor 4443
17330,0.9785278471565519,41,13,13 | factor 17330
21804,0.9784428174315382,157,14,14 | factor 21804
15053,0.9780759747044857,153,15,15 | factor 15053
2169,0.9770688227849527,27,16,16 | factor 2169
10075,0.9759825551767445,38,17,17 | factor 10075
9254,0.9749523760958163,224,18,18 | factor 9254
9951,0.9731014153310822,87,19,19 | factor 9951
27267,0.9727915117395117,21,20,20 | factor 27267
29280,0.9727219881216594,34,21,21 | factor 29280
18866,0.9713232570146315,31,22,22 | factor 18866
5178,0.9706456659182425,204,23,23 | factor 5178
8945,0.9703134645496889,33,24,24 | factor 8945
30985,0.9697637375619053,47,25,25 | factor 30985
9507,0.9692374391981899,193,26,26 | factor 9507
6373,0.9685822914262782,21,27,27 | factor 6373
9294,0.9675185732904735,169,28,28 | factor 9294
16205,0.9673187124999972,126,29,29 | factor 16205
14043,0.9670755750323456,73,30,30 | factor 14043
17162,0.9667609956771192,137,31,31 | factor 17162
7093,0.9652549591695269,269,32,32 | factor 7093
94,0.9648967869335383,73,33,33 | factor 94
17075,0.9634880602431274,372,34,34 | factor 17075
286,0.9632218821528097,32,35,35 | factor 286
3330,0.9619612884072609,51,36,36 | factor 3330
3910,0.9615353468264587,84,37,37 | factor 3910
9181,0.9596694195555066,28,38,38 | factor 9181
31240,0.959659996350688,131,39,39 | factor 31240
14378,0.9589457923533512,32,40,40 | factor 14378
19401,0.9586359814036196,185,41,41 | factor 19401
28005,0.958469768286062,130,42,42 | factor 28005
30606,0.9582265470393091,25,43,43 | factor 30606
26577,0.9576857414896456,315,44,44 | factor 26577
3633,0.9567657869266684,32,45,45 | factor 3633
27678,0.9563715938288501,47,46,46 | factor 27678
27544,0.9552602025435942,75,47,47 | factor 27544
963,0.9550906102474352,94,48,48 | factor 963
15033,0.953490949683454,22,49,49 | factor 15033
32632,0.9531962089970359,810,50,50 | factor 32632
29569,0.9522114977861941,53,51,51 | factor 29569
9767,0.9516320479885849,541,52,52 | factor 9767
26324,0.9512564261706177,135,53,53 | factor 26324
26997,0.9510446490522964,98,54,54 | factor 26997
22900,0.9502588818926936,106,55,55 | factor 22900
5090,0.949634793855214,694,56,56 | factor 5090
31388,0.9496227455464255,31,57,57 | factor 31388
24584,0.948725845511826,404,58,58 | factor 24584
23457,0.9485074844000744,56,59,59 | factor 23457
24780,0.9483729998261313,152,60,60 | factor 24780
19040,0.9480988669024687,35,61,61 | factor 19040
4185,0.9480389051656907,512,62,62 | factor 4185
3168,0.9480293775539397,215,63,63 | factor 3168
6705,0.9478669172033115,100,64,64 | factor 6705
5992,0.94773297971659,21,65,65 | factor 5992
11410,0.9472692453272099,66,66,66 | factor 11410
5563,0.9470372863813618,556,67,67 | factor 5563
23248,0.9461837536727672,49,68,68 | factor 23248
3243,0.9460125223828111,26,69,69 | factor 3243
519,0.9453661661028177,55,70,70 | factor 519
6479,0.944998350289528,71,71,71 | factor 6479
22594,0.9449351787176198,161,72,72 | factor 22594
29355,0.9448810889857849,76,73,73 | factor 29355
9880,0.9444578948593205,102,74,74 | factor 9880
19396,0.9437524115282779,435,75,75 | factor 19396
24828,0.9422475769967529,32,76,76 | factor 24828
5231,0.9413571054814334,72,77,77 | factor 5231
17897,0.9411072224216838,219,78,78 | factor 17897
26807,0.940667431043097,333,79,79 | factor 26807
14810,0.9404781462226908,39,80,80 | factor 14810
25571,0.9404447724499002,78,81,81 | factor 25571
885,0.9403996853037025,40,82,82 | factor 885
1028,0.9400560876745203,90,83,83 | factor 1028
5079,0.9395673841661165,339,84,84 | factor 5079
4061,0.939501475381251,121,85,85 | factor 4061
31115,0.9393751531636761,1048,86,86 | factor 31115
28129,0.9392856769899665,27,87,87 | factor 28129
12325,0.9391405414147463,93,88,88 | factor 12325
11882,0.9388024727007337,34,89,89 | factor 11882
27885,0.9370346441853045,41,90,90 | factor 27885
5182,0.9359915145754885,46,91,91 | factor 5182
17350,0.9356890442403829,429,92,92 | factor 17350
26988,0.9348475919422293,56,93,93 | factor 26988
20101,0.9348097057237835,157,94,94 | factor 20101
23478,0.9335953006043404,65,95,95 | factor 23478
18010,0.9335608241097471,187,96,96 | factor 18010
10982,0.9333376337575983,29,97,97 | factor 10982
12227,0.9326194708273862,328,98,98 | factor 12227
9677,0.9316385460721852,108,99,99 | factor 9677
3274,0.9313650728882034,24,100,100 | factor 3274
8874,0.9306789530041057,215,101,101 | factor 8874
12385,0.9298016270474079,55,102,102 | factor 12385
16394,0.9297845878054507,571,103,103 | factor 16394
10052,0.9296251251944095,105,104,104 | factor 10052
14152,0.9287561312449466,23,105,105 | factor 14152
24267,0.9284900252491214,29,106,106 | factor 24267
2818,0.9284429249527477,318,107,107 | factor 2818
4812,0.9274248757079481,195,108,108 | factor 4812
12256,0.9272603969193818,64,109,109 | factor 12256
28994,0.9271822356312386,29,110,110 | factor 28994
14950,0.9266616316221784,307,111,111 | factor 14950
23122,0.9265062778664648,85,112,112 | factor 23122
1782,0.9264694055478266,45,113,113 | factor 1782
32608,0.9258791763339438,45,114,114 | factor 32608
20527,0.9258390948512554,22,115,115 | factor 20527
16072,0.9254033148926648,518,116,116 | factor 16072
21268,0.9249746952094403,2847,117,117 | factor 21268
15955,0.9249065747871246,398,118,118 | factor 15955
14131,0.9247825188914771,51,119,119 | factor 14131
15820,0.9243393693460173,679,120,120 | factor 15820
9401,0.9240864546047586,47,121,121 | factor 9401
20674,0.9239686059358456,295,122,122 | factor 20674
24409,0.9237406889759483,213,123,123 | factor 24409
14285,0.9236074205931913,25,124,124 | factor 14285
3245,0.9232560305433883,74,125,125 | factor 3245
2193,0.9225076834715731,443,126,126 | factor 2193
24188,0.9218339178789385,26,127,127 | factor 24188
28030,0.9217168624136161,252,128,128 | factor 28030
19611,0.9215766908767423,96,129,129 | factor 19611
16027,0.9214835941299099,198,130,130 | factor 16027
28316,0.9212370049051832,28,131,131 | factor 28316
7951,0.9211976782439891,112,132,132 | factor 7951
10333,0.9210807439335403,30,133,133 | factor 10333
15106,0.92044806542967,468,134,134 | factor 15106
28373,0.9201071960578991,47,135,135 | factor 28373
931,0.9198728926893882,104,136,136 | factor 931
9942,0.9197354644460113,70,137,137 | factor 9942
17797,0.919184708903857,38,138,138 | factor 17797
21186,0.9188056618747615,60,139,139 | factor 21186
29858,0.9187307437078002,263,140,140 | factor 29858
8,0.918671377672085,91,141,141 | factor 8
10945,0.9186279156728221,46,142,142 | factor 10945
25920,0.9184040430700575,426,143,143 | factor 25920
26117,0.918292263300351,65,144,144 | factor 26117
29671,0.9181733798972778,59,145,145 | factor 29671
3654,0.9177287993175426,433,146,146 | factor 3654
1915,0.9173879809047782,301,147,147 | factor 1915
14299,0.9172267459654553,102,148,148 | factor 14299
14352,0.9167335235138049,59,149,149 | factor 14352
27204,0.9163222413530524,22,150,150 | factor 27204
27213,0.9161876375898603,29,151,151 | factor 27213
31238,0.9160775127609072,21,152,152 | factor 31238
1582,0.9159526468604927,23,153,153 | factor 1582
31113,0.9157425033067479,87,154,154 | factor 31113
1706,0.9156647643329853,82,155,155 | factor 1706
28298,0.9152254919178351,30,156,156 | factor 28298
24266,0.9151084346394289,88,157,157 | factor 24266
19413,0.9145858934550026,460,158,158 | factor 19413
26959,0.9140037566064176,21,159,159 | factor 26959
27433,0.9139226300908044,67,160,160 | factor 27433
11026,0.9138038893534738,61,161,161 | factor 11026
18482,0.9126925464472574,116,162,162 | factor 18482
10130,0.9125986863778814,36,163,163 | factor 10130
22691,0.9115811014016568,23,164,164 | factor 22691
24561,0.9104281613342848,181,165,165 | factor 24561
8830,0.9101292343225963,20,166,166 | factor 8830
30482,0.9092930044109941,402,167,167 | factor 30482
23382,0.9088312456935286,124,168,168 | factor 23382
32177,0.9078615474219218,27,169,169 | factor 32177
22713,0.9073005198308693,828,170,170 | factor 22713
24617,0.9061469931404829,36,171,171 | factor 24617
32388,0.9060739962036124,84,172,172 | factor 32388
6115,0.9058381303300544,25,173,173 | factor 6115
1260,0.9056536172436194,59,174,174 | factor 1260
21618,0.9054452684623447,86,175,175 | factor 21618
3617,0.9052838552443301,104,176,176 | factor 3617
685,0.9052129192526084,21,177,177 | factor 685
2490,0.9046597906339711,42,178,178 | factor 2490
25221,0.9037963495305209,105,179,179 | factor 25221
11466,0.9037378663178686,78,180,180 | factor 11466
17174,0.9031863148724512,46,181,181 | factor 17174
16828,0.9031154024745246,532,182,182 | factor 16828
18214,0.9029272777712235,90,183,183 | factor 18214
11121,0.9028059830982683,44,184,184 | factor 11121
19327,0.902592729184456,34,185,185 | factor 19327
1896,0.9024531903103502,953,186,186 | factor 1896
16413,0.9023804599409316,462,187,187 | factor 16413
19224,0.901893789341369,22,188,188 | factor 19224
26062,0.9017280072987793,27,189,189 | factor 26062
28931,0.9016090411428215,472,190,190 | factor 28931
15784,0.901027456797361,257,191,191 | factor 15784
30643,0.9009567181133223,24,192,192 | factor 30643
15066,0.9004370759578004,293,193,193 | factor 15066
4634,0.9001842840823845,53,194,194 | factor 4634
4781,0.9000952008712495,645,195,195 | factor 4781
31439,0.9000760810699446,52,196,196 | factor 31439
24429,0.899750336662515,71,197,197 | factor 24429
32414,0.8997023186387585,70,198,198 | factor 32414
17231,0.898889824083766,111,199,199 | factor 17231
25593,0.8988638791250988,35,200,200 | factor 25593
262,0.8987342479622725,66,201,201 | factor 262
12779,0.8980829876007765,93,202,202 | factor 12779
18568,0.8979996633368056,58,203,203 | factor 18568
21451,0.8976508281089489,406,204,204 | factor 21451
23584,0.8976099119899534,155,205,205 | factor 23584
15134,0.8972083435017801,174,206,206 | factor 15134
25384,0.8969449023263125,53,207,207 | factor 25384
12792,0.8963032378071384,22,208,208 | factor 12792
19803,0.8959770744884471,80,209,209 | factor 19803
687,0.8952605140054302,66,210,210 | factor 687
14103,0.8951703151931844,54,211,211 | factor 14103
11391,0.895140663521521,106,212,212 | factor 11391
6500,0.8950928064545565,24,213,213 | factor 6500
27282,0.8946595737790773,111,214,214 | factor 27282
18375,0.8945241246275495,77,215,215 | factor 18375
15816,0.8941035320692394,24,216,216 | factor 15816
20126,0.8937216223510439,235,217,217 | factor 20126
15435,0.8936539578512851,234,218,218 | factor 15435
185,0.8929766553533425,24,219,219 | factor 185
32045,0.8928338610505911,22,220,220 | factor 32045
31555,0.8923155235122097,65,221,221 | factor 31555
25273,0.8922434906096288,33,222,222 | factor 25273
26937,0.8914024365622467,191,223,223 | factor 26937
5899,0.8911543899232724,171,224,224 | factor 5899
8729,0.8909091016387024,68,225,225 | factor 8729
10015,0.8908059857876829,27,226,226 | factor 10015
3218,0.890625,64,227,227 | factor 3218
15392,0.8905978744743882,77,228,228 | factor 15392
20504,0.8903666899914946,81,229,229 | factor 20504
23689,0.8903493452532428,21,230,230 | factor 23689
23789,0.8901673350119542,35,231,231 | factor 23789
26201,0.8901570010618969,130,232,232 | factor 26201
22175,0.8899177320677726,23,233,233 | factor 22175
27683,0.889877363479033,39,234,234 | factor 27683
7417,0.8896555045016361,22,235,235 | factor 7417
14415,0.8892907298854287,135,236,236 | factor 14415
14993,0.8890130074123271,318,237,237 | factor 14993
3458,0.8890096070082177,33,238,238 | factor 3458
17625,0.8883586798310905,85,239,239 | factor 17625
26637,0.887679889527392,46,240,240 | factor 26637
3685,0.8874561613395733,77,241,241 | factor 3685
24959,0.8869836383544359,24,242,242 | factor 24959
6493,0.8867929514787896,35,243,243 | factor 6493
8857,0.8862272473196791,201,244,244 | factor 8857
1655,0.8859527537822666,29,245,245 | factor 1655
3808,0.8858150401799436,129,246,246 | factor 3808
12160,0.8855296085516465,80,247,247 | factor 12160
17802,0.8853640336411203,21,248,248 | factor 17802
21208,0.8849339969366462,164,249,249 | factor 21208
25594,0.8848087292471318,80,250,250 | factor 25594
28583,0.884628304789454,63,251,251 | factor 28583
4217,0.8838987518537071,82,252,252 | factor 4217
20731,0.8838411771538995,81,253,253 | factor 20731
20011,0.8835429799387795,47,254,254 | factor 20011
3300,0.8827483620948909,222,255,255 | factor 3300
15075,0.8824206905922456,277,256,256 | factor 15075
1219,0.8822252843593319,42,257,257 | factor 1219
16381,0.8819747020390579,74,258,258 | factor 16381
28924,0.8819531108227746,37,259,259 | factor 28924
4636,0.8818377086057936,106,260,260 | factor 4636
15480,0.8812162666492941,707,261,261 | factor 15480
10080,0.8809745258433529,622,262,262 | factor 10080
28867,0.8806813209954109,114,263,263 | factor 28867
25011,0.8795630638084674,54,264,264 | factor 25011
2119,0.8795606715961792,36,265,265 | factor 2119
10263,0.8794262992069161,729,266,266 | factor 10263
20316,0.8792136029047232,94,267,267 | factor 20316
777,0.8776788529404932,111,268,268 | factor 777
22094,0.8776445872959707,40,269,269 | factor 22094
462,0.8775381503259683,232,270,270 | factor 462
30831,0.8770054775147853,65,271,271 | factor 30831
20714,0.8769487869646541,315,272,272 | factor 20714
11423,0.8766109975074166,81,273,273 | factor 11423
15407,0.8766069239515092,85,274,274 | factor 15407
32330,0.8765608863398544,30,275,275 | factor 32330
2893,0.8763463295041481,225,276,276 | factor 2893
6057,0.8763092616640463,71,277,277 | factor 6057
3415,0.8760131040615342,23,278,278 | factor 3415
29799,0.8753500767810868,64,279,279 | factor 29799
26952,0.8753063143016693,105,280,280 | factor 26952
16886,0.8752301095942939,55,281,281 | factor 16886
4248,0.8748654276526289,78,282,282 | factor 4248
18104,0.8743669721800786,41,283,283 | factor 18104
3006,0.8741650640152933,44,284,284 | factor 3006
682,0.8739716865524935,21,285,285 | factor 682
17956,0.8732112695950327,22,286,286 | factor 17956
31320,0.8732061622455757,35,287,287 | factor 31320
1972,0.8730900092022577,21,288,288 | factor 1972
18500,0.8729087899417989,205,289,289 | factor 18500
10654,0.8728468381824884,27,290,290 | factor 10654
11093,0.8728068533191211,352,291,291 | factor 11093
18681,0.8724468694418325,30,292,292 | factor 18681
31635,0.8722008712206487,31,293,293 | factor 31635
8207,0.8721003330312621,33,294,294 | factor 8207
11367,0.8717996234077086,33,295,295 | factor 11367
17048,0.8717905624137435,149,296,296 | factor 17048
26511,0.8714863302949497,91,297,297 | factor 26511
13028,0.8713979960238761,87,298,298 | factor 13028
32031,0.8712184647635991,94,299,299 | factor 32031
16813,0.871167503667705,122,300,300 | factor 16813
25448,0.8708186734642038,182,301,301 | factor 25448
2371,0.8703548541243002,291,302,302 | factor 2371
107,0.8702046798137262,33,303,303 | factor 107
3959,0.8689431952567289,119,304,304 | factor 3959
29769,0.8686491868262424,24,305,305 | factor 29769
15502,0.8686414879258345,105,306,306 | factor 15502
31075,0.8686214949759368,20,307,307 | factor 31075
8188,0.8686008108523958,35,308,308 | factor 8188
20217,0.8681969902026389,24,309,309 | factor 20217
2906,0.8669743518505053,146,310,310 | factor 2906
15254,0.8669460331063289,29,311,311 | factor 15254
29404,0.8669420422336169,80,312,312 | factor 29404
23,0.8668049318177234,131,313,313 | factor 23
3325,0.8665763280714324,54,314,314 | factor 3325
14780,0.8658447438970016,391,315,315 | factor 14780
11993,0.8658184255326478,115,316,316 | factor 11993
13664,0.8657996999113736,100,317,317 | factor 13664
4012,0.8656977163239563,43,318,318 | factor 4012
9042,0.8656476833412973,23,319,319 | factor 9042
26588,0.8649684093431145,1362,320,320 | factor 26588
8170,0.8648489988623759,27,321,321 | factor 8170
8592,0.8647686428059054,549,322,322 | factor 8592
917,0.8645715993614611,81,323,323 | factor 917
25648,0.8644785928750526,739,324,324 | factor 25648
18761,0.863304214117462,47,325,325 | factor 18761
29894,0.8630022325541418,190,326,326 | factor 29894
21056,0.8622178065096607,53,327,327 | factor 21056
23102,0.8621926156261913,81,328,328 | factor 23102
6920,0.86198747449335,249,329,329 | factor 6920
6857,0.8619252589565297,52,330,330 | factor 6857
21079,0.8617512070261575,50,331,331 | factor 21079
13593,0.861720777760449,86,332,332 | factor 13593
18791,0.8617114059363667,22,333,333 | factor 18791
25626,0.8616450385582382,79,334,334 | factor 25626
2874,0.8615998992072365,28,335,335 | factor 2874
1929,0.8614768562370979,94,336,336 | factor 1929
3991,0.8614583451920335,83,337,337 | factor 3991
19973,0.8614326771493266,51,338,338 | factor 19973
16902,0.8609853858095,119,339,339 | factor 16902
19238,0.8608923217491694,98,340,340 | factor 19238
25535,0.8608601739193082,31,341,341 | factor 25535
11100,0.8603995562953437,54,342,342 | factor 11100
21152,0.8600523556152585,80,343,343 | factor 21152
23568,0.8593781591636587,647,344,344 | factor 23568
2547,0.8593586645594139,129,345,345 | factor 2547
6433,0.8591504814777255,81,346,346 | factor 6433
4715,0.8588162110346514,205,347,347 | factor 4715
13707,0.8587344213771533,61,348,348 | factor 13707
24190,0.8585000245689042,60,349,349 | factor 24190
6681,0.858498607531033,42,350,350 | factor 6681
10989,0.8579102964272705,38,351,351 | factor 10989
17228,0.8570997664294838,42,352,352 | factor 17228
1729,0.8570483178045207,172,353,353 | factor 1729
19682,0.8568405135403471,95,354,354 | factor 19682
12147,0.8567069718991338,102,355,355 | factor 12147
31048,0.8564007548272817,636,356,356 | factor 31048
17009,0.8562906355892533,181,357,357 | factor 17009
14433,0.8557835584437702,87,358,358 | factor 14433
27508,0.8555774685955031,108,359,359 | factor 27508
3760,0.855445107284424,31,360,360 | factor 3760
26144,0.8554001606378854,32,361,361 | factor 26144
26210,0.8550779689255784,91,362,362 | factor 26210
11885,0.8547046761616536,88,363,363 | factor 11885
26137,0.8546290650879751,45,364,364 | factor 26137
5323,0.8545363994866854,30,365,365 | factor 5323
19034,0.8544743960110368,168,366,366 | factor 19034
30984,0.8543133839958323,46,367,367 | factor 30984
31930,0.8538678524467548,344,368,368 | factor 31930
6123,0.8537208861930216,249,369,369 | factor 6123
29086,0.8535098554954926,37,370,370 | factor 29086
19923,0.8534801697400671,43,371,371 | factor 19923
22473,0.8528815526066851,23,372,372 | factor 22473
28380,0.8527172604256212,26,373,373 | factor 28380
14927,0.8525160813084947,54,374,374 | factor 14927
10253,0.8525126017399162,34,375,375 | factor 10253
27578,0.8520606158663118,52,376,376 | factor 27578
7824,0.8518767252953791,31,377,377 | factor 7824
16540,0.8516533822504976,112,378,378 | factor 16540
7853,0.8513271753086915,21,379,379 | factor 7853
16308,0.8507241992523674,378,380,380 | factor 16308
3764,0.8500499528859081,68,381,381 | factor 3764
4514,0.8499853372776746,29,382,382 | factor 4514
6416,0.8499494139186814,21,383,383 | factor 6416
18933,0.8497195929418321,26,384,384 | factor 18933
15843,0.8489750827120317,436,385,385 | factor 15843
6375,0.848563316976549,471,386,386 | factor 6375
15591,0.8484632955950344,29,387,387 | factor 15591
31144,0.848232848440194,86,388,388 | factor 31144
5511,0.8481440395434546,27,389,389 | factor 5511
7545,0.8476171354663715,83,390,390 | factor 7545
15648,0.8470168249069665,29,391,391 | factor 15648
16716,0.8469029797037199,81,392,392 | factor 16716
29236,0.8468054378279852,64,393,393 | factor 29236
15584,0.8467613594595697,136,394,394 | factor 15584
12616,0.8465994861648903,46,395,395 | factor 12616
15325,0.8464866616062982,57,396,396 | factor 15325
19518,0.8464453190368308,55,397,397 | factor 19518
25760,0.8463978511788278,60,398,398 | factor 25760
1802,0.8462802544434346,59,399,399 | factor 1802
16307,0.8462773489729156,790,400,400 | factor 16307
9995,0.8461542568759363,46,401,401 | factor 9995
16482,0.8459680198043205,77,402,402 | factor 16482
13814,0.8459088578963284,199,403,403 | factor 13814
2725,0.8458610524724302,76,404,404 | factor 2725
32581,0.8457392333046105,263,405,405 | factor 32581
22129,0.8457380709377977,81,406,406 | factor 22129
5094,0.8457299248733766,48,407,407 | factor 5094
11710,0.8455392306709665,75,408,408 | factor 11710
8013,0.8453571154509907,22,409,409 | factor 8013
4272,0.8452991137910046,22,410,410 | factor 4272
5016,0.8452531062832788,51,411,411 | factor 5016
5309,0.8451852924898869,124,412,412 | factor 5309
19328,0.8448344867626326,79,413,413 | factor 19328
13949,0.8440123253774352,1673,414,414 | factor 13949
17454,0.8438565651674576,519,415,415 | factor 17454
278,0.8435446091116031,62,416,416 | factor 278
15135,0.8432617536375452,44,417,417 | factor 15135
2713,0.8431509106409996,200,418,418 | factor 2713
30403,0.8430999033433015,107,419,419 | factor 30403
3238,0.8428129467936857,105,420,420 | factor 3238
5891,0.8426638981244814,39,421,421 | factor 5891
8266,0.8425828243983898,69,422,422 | factor 8266
11090,0.8424122972683236,791,423,423 | factor 11090
32109,0.8422760868553559,21,424,424 | factor 32109
18251,0.8418344998677422,51,425,425 | factor 18251
25945,0.8411628152021111,76,426,426 | factor 25945
29967,0.8409283185465163,39,427,427 | factor 29967
12119,0.8406101235925533,101,428,428 | factor 12119
30233,0.840403654782137,26,429,429 | factor 30233
9361,0.8401250424026034,43,430,430 | factor 9361
28247,0.8392370249058607,1047,431,431 | factor 28247
13135,0.8391531718505196,42,432,432 | factor 13135
26923,0.8388800041916159,494,433,433 | factor 26923
30882,0.8385386468836427,311,434,434 | factor 30882
26535,0.8385359722935758,21,435,435 | factor 26535
9038,0.8383667148080169,28,436,436 | factor 9038
17512,0.8380424623171591,329,437,437 | factor 17512
19771,0.8379691872076152,20,438,438 | factor 19771
11646,0.8379668950059227,39,439,439 | factor 11646
7007,0.8377781377063501,89,440,440 | factor 7007
16932,0.8376697340785874,42,441,441 | factor 16932
6217,0.8368687416027745,106,442,442 | factor 6217
20971,0.8367917497622953,187,443,443 | factor 20971
19660,0.8366508186564491,56,444,444 | factor 19660
5173,0.8365390892913985,50,445,445 | factor 5173
32690,0.836528859883579,20,446,446 | factor 32690
21198,0.8364766465336522,24,447,447 | factor 21198
30498,0.8361313910044448,38,448,448 | factor 30498
32274,0.8359769527703079,21,449,449 | factor 32274
14330,0.8354534057349653,22,450,450 | factor 14330
15694,0.8353743079319778,117,451,451 | factor 15694
22623,0.8344185600531787,787,452,452 | factor 22623
31323,0.8343321292935233,87,453,453 | factor 31323
1184,0.834090462636002,955,454,454 | factor 1184
4760,0.833748659648514,23,455,455 | factor 4760
23062,0.8332710547877223,69,456,456 | factor 23062
11920,0.833264604822791,35,457,457 | factor 11920
31482,0.8331139126442024,61,458,458 | factor 31482
1312,0.8330215619146503,32,459,459 | factor 1312
5636,0.8329140564732499,174,460,460 | factor 5636
6170,0.8327848469894829,132,461,461 | factor 6170
12904,0.832404578258,33,462,462 | factor 12904
4162,0.8323244338364638,59,463,463 | factor 4162
13642,0.8320521473069408,88,464,464 | factor 13642
8109,0.8319418300193179,23,465,465 | factor 8109
9570,0.8319083648194996,112,466,466 | factor 9570
13801,0.8315129425148748,34,467,467 | factor 13801
19566,0.8314376032322064,195,468,468 | factor 19566
16600,0.8313658482000601,56,469,469 | factor 16600
10708,0.8307042377471693,138,470,470 | factor 10708
17138,0.8301117394834511,36,471,471 | factor 17138
283,0.8300488015111698,23,472,472 | factor 283
32293,0.8300131864838003,45,473,473 | factor 32293
27968,0.8299920202855591,119,474,474 | factor 27968
22732,0.8297958495153548,74,475,475 | factor 22732
16697,0.8297562631484178,76,476,476 | factor 16697
30510,0.8294611185954147,129,477,477 | factor 30510
13679,0.8291166400101153,20,478,478 | factor 13679
21854,0.8286730647917002,50,479,479 | factor 21854
18906,0.8286022798313092,30,480,480 | factor 18906
22552,0.8283376003803262,731,481,481 | factor 22552
29062,0.8283000021136067,25,482,482 | factor 29062
1400,0.828187973108711,59,483,483 | factor 1400
23652,0.8280762374414331,21,484,484 | factor 23652
11431,0.8280128850814791,298,485,485 | factor 11431
25278,0.8279045151798825,36,486,486 | factor 25278
2245,0.8275373556420114,20,487,487 | factor 2245
17811,0.8272696800901834,59,488,488 | factor 17811
20611,0.8268042377974392,42,489,489 | factor 20611
4542,0.8266055685767952,22,490,490 | factor 4542
13542,0.8265168895755142,244,491,491 | factor 13542
241,0.8264841661629664,87,492,492 | factor 241
9824,0.8262673596060998,925,493,493 | factor 9824
10823,0.8259211742923679,325,494,494 | factor 10823
11235,0.8252413453127135,108,495,495 | factor 11235
13232,0.825032407929364,29,496,496 | factor 13232
32272,0.8249246033016264,44,497,497 | factor 32272
6400,0.8248526432595553,25,498,498 | factor 6400
31865,0.8247090840984597,37,499,499 | factor 31865
457,0.824594813898651,20,500,500 | factor 457
30239,0.8241094201551261,115,501,501 | factor 30239
28450,0.8239645479806424,486,502,502 | factor 28450
6184,0.8239620071346884,113,503,503 | factor 6184
20198,0.823899706308258,56,504,504 | factor 20198
31849,0.8237842433966391,41,505,505 | factor 31849
31975,0.8236997004520086,54,506,506 | factor 31975
21354,0.8236039506706346,359,507,507 | factor 21354
5154,0.8234636811839806,574,508,508 | factor 5154
10639,0.8234144669570498,123,509,509 | factor 10639
20376,0.8229436001255278,30,510,510 | factor 20376
18987,0.8224556343187053,63,511,511 | factor 18987
11946,0.822439149086665,38,512,512 | factor 11946
22892,0.8218336871860688,24,513,513 | factor 22892
11027,0.8218317664757873,25,514,514 | factor 11027
31280,0.8216989821707628,95,515,515 | factor 31280
16537,0.8215152944275939,20,516,516 | factor 16537
11990,0.8213378621410485,62,517,517 | factor 11990
13385,0.8211396953874922,870,518,518 | factor 13385
18661,0.8211119887427851,21,519,519 | factor 18661
21669,0.8209358543955251,28,520,520 | factor 21669
2105,0.8208099243039378,51,521,521 | factor 2105
8235,0.820761643600048,113,522,522 | factor 8235
25708,0.8206804651170362,58,523,523 | factor 25708
28379,0.820643395596781,33,524,524 | factor 28379
7726,0.8206404812082073,50,525,525 | factor 7726
7850,0.8203598456535834,28,526,526 | factor 7850
22708,0.8202547561828297,28,527,527 | factor 22708
31958,0.8202492008701773,40,528,528 | factor 31958
16185,0.8201432286366156,75,529,529 | factor 16185
3774,0.8192085457426118,61,530,530 | factor 3774
16911,0.8185958371121401,26,531,531 | factor 16911
17251,0.8185760546410175,54,532,532 | factor 17251
2601,0.8182690969288671,53,533,533 | factor 2601
22601,0.8181215105254562,83,534,534 | factor 22601
26196,0.8181048769894139,56,535,535 | factor 26196
1804,0.8172286537835316,191,536,536 | factor 1804
10484,0.8170883461735483,161,537,537 | factor 10484
5766,0.8167725066780112,20,538,538 | factor 5766
28525,0.8167136001077173,43,539,539 | factor 28525
8339,0.8160834441181658,22,540,540 | factor 8339
688,0.8160533418387548,25,541,541 | factor 688
32146,0.8158819269750409,43,542,542 | factor 32146
9783,0.8157878881949019,288,543,543 | factor 9783
14837,0.815776605716323,116,544,544 | factor 14837
21215,0.8154211255278668,59,545,545 | factor 21215
20966,0.815358139084556,42,546,546 | factor 20966
18860,0.8152671315233483,40,547,547 | factor 18860
24761,0.8151540881354116,162,548,548 | factor 24761
17571,0.8149994181491376,95,549,549 | factor 17571
14632,0.8149894034582441,43,550,550 | factor 14632
1429,0.8144102337151289,194,551,551 | factor 1429
2852,0.8142041854150309,23,552,552 | factor 2852
14557,0.8141652545378416,139,553,553 | factor 14557
25219,0.8140256517000957,32,554,554 | factor 25219
31102,0.8138646649788768,29,555,555 | factor 31102
1913,0.8138589407249058,61,556,556 | factor 1913
9258,0.8138331951872045,265,557,557 | factor 9258
9168,0.8128260749926498,39,558,558 | factor 9168
9563,0.8126093728205986,29,559,559 | factor 9563
32233,0.8125311319767853,67,560,560 | factor 32233
13378,0.8124609918560695,38,561,561 | factor 13378
16768,0.8124373726218372,29,562,562 | factor 16768
29240,0.812411999925827,68,563,563 | factor 29240
2673,0.8123062223173968,139,564,564 | factor 2673
6544,0.8121070931505185,297,565,565 | factor 6544
16844,0.8117518937592114,106,566,566 | factor 16844
4868,0.8116342534570918,169,567,567 | factor 4868
16607,0.8115277791767063,179,568,568 | factor 16607
4191,0.8113887786063194,20,569,569 | factor 4191
27087,0.8112575475359872,22,570,570 | factor 27087
2613,0.8111126185928142,1092,571,571 | factor 2613
15575,0.8109785903749056,25,572,572 | factor 15575
27528,0.8109341458772772,81,573,573 | factor 27528
13032,0.8108448262945838,220,574,574 | factor 13032
7207,0.8103356846873557,45,575,575 | factor 7207
18096,0.8101045465098763,31,576,576 | factor 18096
22128,0.8099958715543116,20,577,577 | factor 22128
5313,0.8099893216913594,134,578,578 | factor 5313
2555,0.8095436866093678,24,579,579 | factor 2555
7871,0.8091076791382698,27,580,580 | factor 7871
13875,0.8089593038740311,26,581,581 | factor 13875
19289,0.8087559928931973,79,582,582 | factor 19289
17060,0.8083552862941963,27,583,583 | factor 17060
28348,0.808287747955499,20,584,584 | factor 28348
8392,0.8082861828802096,85,585,585 | factor 8392
14122,0.808183134325365,91,586,586 | factor 14122
30877,0.8081286434424109,27,587,587 | factor 30877
30334,0.8079956333244069,35,588,588 | factor 30334
24354,0.8078874961659843,46,589,589 | factor 24354
10464,0.8077958091282426,49,590,590 | factor 10464
13263,0.8077483167090145,39,591,591 | factor 13263
3351,0.8072287748002098,56,592,592 | factor 3351
11953,0.8068341377481264,90,593,593 | factor 11953
24451,0.8063806236317462,111,594,594 | factor 24451
1732,0.8062821498024486,27,595,595 | factor 1732
9680,0.8062763155463242,31,596,596 | factor 9680
189,0.8062699189007363,98,597,597 | factor 189
18586,0.8060841783339177,35,598,598 | factor 18586
6344,0.806025279676783,20,599,599 | factor 6344
21184,0.8054757984454729,53,600,600 | factor 21184
14098,0.8054292160723355,43,601,601 | factor 14098
32246,0.8052365109132211,25,602,602 | factor 32246
8313,0.805049708303108,28,603,603 | factor 8313
25556,0.8049928047498187,219,604,604 | factor 25556
23977,0.8043992772139934,129,605,605 | factor 23977
7130,0.8042459393867465,49,606,606 | factor 7130
17754,0.8041343662218801,54,607,607 | factor 17754
15465,0.8040329211591024,22,608,608 | factor 15465
5206,0.8038304832355967,184,609,609 | factor 5206
8081,0.8037875705674679,35,610,610 | factor 8081
4064,0.8036267033576521,23,611,611 | factor 4064
32361,0.8036106747081116,190,612,612 | factor 32361
24962,0.8036059195436799,155,613,613 | factor 24962
28869,0.803529634744287,110,614,614 | factor 28869
19800,0.8034257169850286,33,615,615 | factor 19800
8076,0.8031222527053625,32,616,616 | factor 8076
27178,0.8029558438261333,138,617,617 | factor 27178
11147,0.8028610606292734,307,618,618 | factor 11147
17348,0.8027719641205254,20,619,619 | factor 17348
17661,0.8026567978232404,755,620,620 | factor 17661
32734,0.8024598290421641,21,621,621 | factor 32734
25319,0.8023440258927312,27,622,622 | factor 25319
23095,0.8023074255852248,194,623,623 | factor 23095
13368,0.8019574126697494,44,624,624 | factor 13368
18517,0.8017864476484327,69,625,625 | factor 18517
4085,0.8016171547037201,23,626,626 | factor 4085
15901,0.8011577423022348,48,627,627 | factor 15901
8333,0.8007119879238097,89,628,628 | factor 8333
2982,0.8007066468950976,79,629,629 | factor 2982
25379,0.8002596395998608,58,630,630 | factor 25379
22252,0.800007439827763,58,631,631 | factor 22252
3652,0.7999329269211629,41,632,632 | factor 3652
15744,0.7997204051515144,153,633,633 | factor 15744
21429,0.7997033807006892,88,634,634 | factor 21429
721,0.7995392255451783,81,635,635 | factor 721
9618,0.799316475410827,134,636,636 | factor 9618
24929,0.7992111009214476,83,637,637 | factor 24929
28856,0.7990447783244579,116,638,638 | factor 28856
18210,0.7989667758459367,82,639,639 | factor 18210
22221,0.7985729965441326,118,640,640 | factor 22221
29990,0.7983935115066912,221,641,641 | factor 29990
5631,0.7980433664476219,742,642,642 | factor 5631
20339,0.7978923675634968,44,643,643 | factor 20339
4624,0.7973311114765929,88,644,644 | factor 4624
12848,0.7972686074486603,56,645,645 | factor 12848
3378,0.7972313863678611,128,646,646 | factor 3378
12112,0.7970970016319879,21,647,647 | factor 12112
18873,0.7968430651838919,22,648,648 | factor 18873
13607,0.7968080830366593,177,649,649 | factor 13607
6942,0.7964372332606915,90,650,650 | factor 6942
22920,0.796190356326823,45,651,651 | factor 22920
12663,0.7953903597208405,92,652,652 | factor 12663
27795,0.7951610441051019,87,653,653 | factor 27795
2917,0.7951381527015505,251,654,654 | factor 2917
7070,0.7951248055527484,51,655,655 | factor 7070
23353,0.7950277318508036,24,656,656 | factor 23353
20894,0.794790678613343,134,657,657 | factor 20894
6809,0.7946543764441921,32,658,658 | factor 6809
23243,0.7944341131240147,67,659,659 | factor 23243
9220,0.7942280717305813,696,660,660 | factor 9220
20262,0.7940832923092914,123,661,661 | factor 20262
28790,0.7939769037288825,327,662,662 | factor 28790
20568,0.7938280865225671,92,663,663 | factor 20568
4093,0.7935865455109755,21,664,664 | factor 4093
7352,0.7934008387869577,623,665,665 | factor 7352
19247,0.7930802543442389,72,666,666 | factor 19247
10952,0.7930595260877643,329,667,667 | factor 10952
31360,0.7928769901558453,20,668,668 | factor 31360
31791,0.7928058057099003,399,669,669 | factor 31791
26366,0.7923769270901233,65,670,670 | factor 26366
20913,0.7921319108935528,27,671,671 | factor 20913
15200,0.792111371506181,450,672,672 | factor 15200
15760,0.7913992786421686,116,673,673 | factor 15760
16403,0.7913449085091828,149,674,674 | factor 16403
23617,0.7913400190935242,35,675,675 | factor 23617
22947,0.7911657730611029,84,676,676 | factor 22947
21733,0.791092205276672,32,677,677 | factor 21733
3895,0.7910584230564124,133,678,678 | factor 3895
5807,0.7909927679545116,43,679,679 | factor 5807
7101,0.7908213930488102,122,680,680 | factor 7101
14657,0.7904980904382376,229,681,681 | factor 14657
9201,0.7902701612267673,49,682,682 | factor 9201
30696,0.7897905178599951,172,683,683 | factor 30696
200,0.7893221069270041,66,684,684 | factor 200
14323,0.7890361006585668,40,685,685 | factor 14323
7619,0.7889749871688546,259,686,686 | factor 7619
28109,0.7887223524428756,34,687,687 | factor 28109
4190,0.7885225147773317,40,688,688 | factor 4190
13464,0.788371522357189,349,689,689 | factor 13464
10328,0.7881500467702616,30,690,690 | factor 10328
5762,0.7880924728492946,59,691,691 | factor 5762
14682,0.7879792512747806,20,692,692 | factor 14682
22300,0.7878804149580715,38,693,693 | factor 22300
20704,0.7878400174785438,42,694,694 | factor 20704
4525,0.787489397002456,55,695,695 | factor 4525
28976,0.7872311439898811,43,696,696 | factor 28976
26516,0.7870945610183586,68,697,697 | factor 26516
19773,0.7868117008779482,24,698,698 | factor 19773
385,0.7867642970678971,56,699,699 | factor 385
29357,0.7867201901928373,35,700,700 | factor 29357
12211,0.7866093437356859,23,701,701 | factor 12211
23307,0.7861559085131069,32,702,702 | factor 23307
28141,0.7860143033112014,37,703,703 | factor 28141
21460,0.7858001555887705,153,704,704 | factor 21460
31939,0.7857963219073008,170,705,705 | factor 31939
18459,0.7857615706871695,94,706,706 | factor 18459
16292,0.7857614300852207,127,707,707 | factor 16292
27025,0.7857455721393477,35,708,708 | factor 27025
26478,0.7855786093841086,31,709,709 | factor 26478
31069,0.7854479221816034,28,710,710 | factor 31069
30228,0.7853378351657645,719,711,711 | factor 30228
560,0.7853367689895322,118,712,712 | factor 560
25611,0.7846672245302433,26,713,713 | factor 25611
22172,0.784644891169449,129,714,714 | factor 22172
22846,0.7844994279273478,30,715,715 | factor 22846
10842,0.7843654654504201,464,716,716 | factor 10842
28820,0.7840797830425578,23,717,717 | factor 28820
13429,0.783942054637236,86,718,718 | factor 13429
4214,0.7838500692279446,45,719,719 | factor 4214
11691,0.7838372808246108,76,720,720 | factor 11691
24367,0.7835411961349152,133,721,721 | factor 24367
31188,0.7835370628889221,47,722,722 | factor 31188
17818,0.7835253430852696,30,723,723 | factor 17818
31141,0.7834025239842711,261,724,724 | factor 31141
6224,0.7831836664010404,151,725,725 | factor 6224
7587,0.7829059530730629,30,726,726 | factor 7587
27468,0.7826158870880188,33,727,727 | factor 27468
903,0.7816882896899756,32,728,728 | factor 903
29824,0.7816304658571576,54,729,729 | factor 29824
21924,0.7815722954900762,38,730,730 | factor 21924
12624,0.7815044298754455,86,731,731 | factor 12624
17789,0.7814590378353159,55,732,732 | factor 17789
12255,0.7813439360851969,20,733,733 | factor 12255
12744,0.7811864790597287,96,734,734 | factor 12744
4933,0.781010266708711,93,735,735 | factor 4933
3407,0.7809836332880747,78,736,736 | factor 3407
6985,0.780954811223595,51,737,737 | factor 6985
25879,0.7807669922614626,114,738,738 | factor 25879
21648,0.7805493344377942,47,739,739 | factor 21648
2891,0.7802965653117566,22,740,740 | factor 2891
6831,0.7801212878828356,49,741,741 | factor 6831
5565,0.7801047506891866,115,742,742 | factor 5565
5175,0.7800537102806768,90,743,743 | factor 5175
5277,0.7798375653464461,248,744,744 | factor 5277
20555,0.7797604957120123,24,745,745 | factor 20555
26266,0.779662949457236,121,746,746 | factor 26266
5199,0.7796492815547941,45,747,747 | factor 5199
32381,0.7795632952187194,60,748,748 | factor 32381
10509,0.7795161846697505,20,749,749 | factor 10509
20192,0.7793502810106727,390,750,750 | factor 20192
30374,0.7792446730797392,63,751,751 | factor 30374
26069,0.7792224654817089,20,752,752 | factor 26069
15083,0.7792186025547354,30,753,753 | factor 15083
15660,0.7791108182151136,54,754,754 | factor 15660
24864,0.7790551927423459,42,755,755 | factor 24864
31393,0.7788691389480128,37,756,756 | factor 31393
2352,0.778539859662486,70,757,757 | factor 2352
14212,0.7784419033284156,21,758,758 | factor 14212
19348,0.7783593283417124,31,759,759 | factor 19348
10224,0.7782913346276235,21,760,760 | factor 10224
23713,0.7782640655888491,24,761,761 | factor 23713
10354,0.7782404994468209,452,762,762 | factor 10354
17353,0.7781078957034888,240,763,763 | factor 17353
7911,0.7776514649379574,59,764,764 | factor 7911
6073,0.7774515529771772,33,765,765 | factor 6073
21057,0.7773634574220788,145,766,766 | factor 21057
9152,0.7773291771907151,21,767,767 | factor 9152
1790,0.777325638767513,205,768,768 | factor 1790
23592,0.7768877727175283,56,769,769 | factor 23592
14508,0.7768591086579036,224,770,770 | factor 14508
8100,0.7767283219559352,28,771,771 | factor 8100
18138,0.7765673609113161,60,772,772 | factor 18138
7642,0.7764653529413028,83,773,773 | factor 7642
12479,0.7761613844116082,105,774,774 | factor 12479
16263,0.776154950750782,109,775,775 | factor 16263
21292,0.7760948593529811,33,776,776 | factor 21292
24353,0.7760007250915872,41,777,777 | factor 24353
10240,0.7758632624072758,23,778,778 | factor 10240
14018,0.7757872062531416,273,779,779 | factor 14018
25744,0.7753542681258213,37,780,780 | factor 25744
27406,0.7751317352048558,59,781,781 | factor 27406
27119,0.7750009259683267,30,782,782 | factor 27119
32540,0.7748595309577962,144,783,783 | factor 32540
8389,0.7746374636549085,192,784,784 | factor 8389
3656,0.7745738124237216,35,785,785 | factor 3656
24781,0.7743470437482298,590,786,786 | factor 24781
27917,0.7742522572657253,48,787,787 | factor 27917
20331,0.7742382242595383,753,788,788 | factor 20331
31970,0.7741494783907213,181,789,789 | factor 31970
19199,0.7739048659741671,406,790,790 | factor 19199
12328,0.7737709065319643,25,791,791 | factor 12328
3265,0.7737510843334122,84,792,792 | factor 3265
31792,0.7732944929734452,374,793,793 | factor 31792
9639,0.7732627391388851,122,794,794 | factor 9639
31857,0.7729513469678624,321,795,795 | factor 31857
30554,0.7727623945295198,56,796,796 | factor 30554
3567,0.7726867251692054,668,797,797 | factor 3567
23877,0.7725159518127439,26,798,798 | factor 23877
14745,0.7723801102623148,21,799,799 | factor 14745
1379,0.7721363195581293,155,800,800 | factor 1379
26628,0.7720679462383186,29,801,801 | factor 26628
21109,0.7719765336341423,31,802,802 | factor 21109
32701,0.7718015831218759,21,803,803 | factor 32701
16974,0.771391501574645,39,804,804 | factor 16974
5314,0.7712814423382156,710,805,805 | factor 5314
17955,0.7711934014661062,44,806,806 | factor 17955
7876,0.7711198428085091,29,807,807 | factor 7876
500,0.7709840682418744,25,808,808 | factor 500
1144,0.7703741342589883,20,809,809 | factor 1144
26004,0.7699064855244685,70,810,810 | factor 26004
17522,0.7698184081643316,395,811,811 | factor 17522
7880,0.7696820000004501,51,812,812 | factor 7880
14000,0.7694859799862505,120,813,813 | factor 14000
21671,0.7692719111491947,25,814,814 | factor 21671
5459,0.76915358908535425,143,815,815 | factor 5459
23595,0.7685638165470104,113,816,816 | factor 23595
1556,0.7684315435166678,52,817,817 | factor 1556
29778,0.7683686764463954,48,818,818 | factor 29778
13550,0.7681403575168567,995,819,819 | factor 13550
24179,0.768031112903456,49,820,820 | factor 24179
10721,0.7679833246117611,51,821,821 | factor 10721
18038,0.767927140938956,1256,822,822 | factor 18038
30968,0.7679234833417738,27,823,823 | factor 30968
437,0.7679041288680868,22,824,824 | factor 437
5473,0.7677575428105162,31,825,825 | factor 5473
7985,0.7677444827079745,126,826,826 | factor 7985
31335,0.7677358425478997,63,827,827 | factor 31335
31968,0.767651395008622,25,828,828 | factor 31968
22804,0.7674650014466099,20,829,829 | factor 22804
1479,0.7673487772736068,716,830,830 | factor 1479
7599,0.7673287064087225,29,831,831 | factor 7599
29547,0.7671634979556897,178,832,832 | factor 29547
3227,0.767103366841725,93,833,833 | factor 3227
10817,0.7669953320167039,21,834,834 | factor 10817
3705,0.7669685737375822,47,835,835 | factor 3705
7755,0.7669557933742169,41,836,836 | factor 7755
20682,0.7666710520373353,32,837,837 | factor 20682
964,0.7665829702088224,21,838,838 | factor 964
32002,0.7665778673891154,36,839,839 | factor 32002
13445,0.766545838006537,59,840,840 | factor 13445
198,0.7662675827983855,153,841,841 | factor 198
24007,0.7661978345295538,32,842,842 | factor 24007
11797,0.7656322602369006,496,843,843 | factor 11797
13619,0.7652960269809708,82,844,844 | factor 13619
22383,0.764912295799291,74,845,845 | factor 22383
32129,0.7648688441549065,30,846,846 | factor 32129
673,0.764836839565889,56,847,847 | factor 673
47,0.764607082432813,182,848,848 | factor 47
26832,0.7644775667845772,71,849,849 | factor 26832
32326,0.7643334381125757,22,850,850 | factor 32326
218,0.7641079684412232,23,851,851 | factor 218
10610,0.7637768140288198,49,852,852 | factor 10610
18346,0.7635730804665957,594,853,853 | factor 18346
9037,0.763297818915262,48,854,854 | factor 9037
24554,0.7631066332304746,53,855,855 | factor 24554
5139,0.7629184308488723,58,856,856 | factor 5139
13092,0.7625779372750915,83,857,857 | factor 13092
13592,0.7625151671532175,2080,858,858 | factor 13592
27392,0.7624263362918275,28,859,859 | factor 27392
9291,0.7622990757381558,26,860,860 | factor 9291
32204,0.7622705033726515,161,861,861 | factor 32204
28101,0.7622577082782476,78,862,862 | factor 28101
28470,0.7622029084124718,31,863,863 | factor 28470
19345,0.7620610866506005,361,864,864 | factor 19345
29291,0.7620595002235354,25,865,865 | factor 29291
16924,0.7619283128470298,337,866,866 | factor 16924
15929,0.7618181245701903,600,867,867 | factor 15929
20163,0.761659414485557,153,868,868 | factor 20163
28744,0.7615955042897169,25,869,869 | factor 28744
8381,0.761358403666179,146,870,870 | factor 8381
32168,0.7606747869314718,246,871,871 | factor 32168
4462,0.7606001203590603,20,872,872 | factor 4462
19422,0.7605985428166411,80,873,873 | factor 19422
9146,0.7603907988052636,171,874,874 | factor 9146
14335,0.7603612274939282,39,875,875 | factor 14335
27063,0.7603585170514636,894,876,876 | factor 27063
188,0.7603276526740259,119,877,877 | factor 188
22199,0.7603122056363664,38,878,878 | factor 22199
10818,0.7601865238908013,68,879,879 | factor 10818
30986,0.7600666083427821,66,880,880 | factor 30986
16530,0.7600356602204481,36,881,881 | factor 16530
18113,0.7600270329087508,361,882,882 | factor 18113
29050,0.7599269865940419,34,883,883 | factor 29050
23635,0.7597035475207828,37,884,884 | factor 23635
15809,0.75968896097256855,85,885,885 | factor 15809
2723,0.7596622047866396,81,886,886 | factor 2723
8420,0.7596177975350302,53,887,887 | factor 8420
26989,0.7595870827284058,42,888,888 | factor 26989
9842,0.7594928189226122,110,889,889 | factor 9842
61,0.7592348986320588,49,890,890 | factor 61
12198,0.7591667397955023,134,891,891 | factor 12198
20118,0.7591351779086147,32,892,892 | factor 20118
4539,0.7591153541198186,28,893,893 | factor 4539
12298,0.7590778567802441,91,894,894 | factor 12298
7440,0.7590522138776378,22,895,895 | factor 7440
17444,0.7589977701670282,94,896,896 | factor 17444
27277,0.7589239355538276,132,897,897 | factor 27277
18997,0.7588775983469904,21,898,898 | factor 18997
22281,0.758844814238016,205,899,899 | factor 22281
16453,0.7587488110634366,30,900,900 | factor 16453
26398,0.7586794213321861,91,901,901 | factor 26398
14524,0.758670364086633,325,902,902 | factor 14524
20458,0.7585904043602321,858,903,903 | factor 20458
26863,0.75844057555341,60,904,904 | factor 26863
1942,0.7581441018622833,37,905,905 | factor 1942
11411,0.7580387130293448,57,906,906 | factor 11411
16646,0.7578935107053152,33,907,907 | factor 16646
27699,0.7576589365274169,24,908,908 | factor 27699
16533,0.7576133199409795,39,909,909 | factor 16533
5251,0.7575834366127182,23,910,910 | factor 5251
27053,0.7575219650038354,327,911,911 | factor 27053
5344,0.7574843985283002,27,912,912 | factor 5344
18834,0.7574250566917793,56,913,913 | factor 18834
18146,0.7573894882192854,77,914,914 | factor 18146
17665,0.7571053226460258,94,915,915 | factor 17665
32695,0.7570696476214018,810,916,916 | factor 32695
15800,0.7569732639153925,21,917,917 | factor 15800
10410,0.7569274032490444,227,918,918 | factor 10410
4785,0.756809019676853,57,919,919 | factor 4785
25754,0.7568082956048077,119,920,920 | factor 25754
18861,0.7564674285982951,36,921,921 | factor 18861
5627,0.7562844570831357,396,922,922 | factor 5627
10666,0.7560187752239752,26,923,923 | factor 10666
31052,0.7559492452576322,336,924,924 | factor 31052
11140,0.7557442509405189,135,925,925 | factor 11140
3180,0.7555651838395663,71,926,926 | factor 3180
24953,0.7554216920913646,31,927,927 | factor 24953
17556,0.755140567907038,154,928,928 | factor 17556
16364,0.7547111421584737,104,929,929 | factor 16364
20108,0.7542217606682134,79,930,930 | factor 20108
26159,0.7541100336818511,679,931,931 | factor 26159
15063,0.7538957973755669,256,932,932 | factor 15063
6240,0.7538634496128165,21,933,933 | factor 6240
3527,0.7532012371820608,184,934,934 | factor 3527
8942,0.7531233197931638,51,935,935 | factor 8942
30409,0.753063539700699,492,936,936 | factor 30409
10576,0.7527034005452068,79,937,937 | factor 10576
14477,0.7526924995777757,33,938,938 | factor 14477
20210,0.7521317744263742,27,939,939 | factor 20210
15356,0.7520488205449842,196,940,940 | factor 15356
31324,0.752019006741429,20,941,941 | factor 31324
25288,0.7518608211261615,21,942,942 | factor 25288
21003,0.7517385695835389,35,943,943 | factor 21003
21403,0.7516123181177323,21,944,944 | factor 21403
30665,0.7514776089217787,166,945,945 | factor 30665
8944,0.7513526758298977,32,946,946 | factor 8944
17819,0.7513413110962323,122,947,947 | factor 17819
1207,0.751223424220855,45,948,948 | factor 1207
25346,0.7511756811229691,38,949,949 | factor 25346
18863,0.7509744693572449,24,950,950 | factor 18863
18484,0.7507985866690318,49,951,951 | factor 18484
7078,0.7506855318536626,64,952,952 | factor 7078
8476,0.7505326964389236,23,953,953 | factor 8476
10247,0.7504814130337688,25,954,954 | factor 10247
13765,0.7502638216376488,38,955,955 | factor 13765
16099,0.750139412996138,108,956,956 | factor 16099
32370,0.7500351815914107,293,957,957 | factor 32370
6397,0.7497877701420924,114,958,958 | factor 6397
18539,0.7497751595289451,178,959,959 | factor 18539
15682,0.7495107088305567,30,960,960 | factor 15682
27977,0.7494360855037215,93,961,961 | factor 27977
29064,0.7494323329590885,212,962,962 | factor 29064
7728,0.7493448664136096,54,963,963 | factor 7728
11874,0.7489803912867995,59,964,964 | factor 11874
32266,0.7487172087179046,23,965,965 | factor 32266
27512,0.748686623053922,374,966,966 | factor 27512
12724,0.748476706831665,31,967,967 | factor 12724
27133,0.7482730992865951,49,968,968 | factor 27133
3767,0.7479583596210572,37,969,969 | factor 3767
28625,0.7479483005534673,259,970,970 | factor 28625
29574,0.7478753453326433,33,971,971 | factor 29574
5885,0.7478437597921422,102,972,972 | factor 5885
13125,0.747672474866148,110,973,973 | factor 13125
29804,0.7476399782689039,48,974,974 | factor 29804
15263,0.747568376967507,972,975,975 | factor 15263
13398,0.7474846305091807,35,976,976 | factor 13398
9157,0.7474063300461968,37,977,977 | factor 9157
25031,0.7473322870767316,128,978,978 | factor 25031
28706,0.7468943601411447,156,979,979 | factor 28706
5822,0.7468906489913327,260,980,980 | factor 5822
17701,0.7468671929241445,107,981,981 | factor 17701
1411,0.7467861288301211,49,982,982 | factor 1411
16791,0.7467487342094136,49,983,983 | factor 16791
26609,0.7464812511721832,41,984,984 | factor 26609
375,0.7463950970891556,32,985,985 | factor 375
10741,0.7462738453642404,20,986,986 | factor 10741
13503,0.7461996709392821,34,987,987 | factor 13503
3247,0.7460590756067796,101,988,988 | factor 3247
9130,0.7460551344399038,111,989,989 | factor 9130
16574,0.7459831889113243,65,990,990 | factor 16574
19542,0.7459161686805832,200,991,991 | factor 19542
11238,0.7458811494985221,29,992,992 | factor 11238
26121,0.7458375085933807,103,993,993 | factor 26121
5732,0.7457414431952228,64,994,994 | factor 5732
29529,0.7454310963655857,21,995,995 | factor 29529
1153,0.7453231252018908,31,996,996 | factor 1153
23814,0.7452678512383173,181,997,997 | factor 23814
12296,0.7452473871608732,26,998,998 | factor 12296
30912,0.7450855309488975,365,999,999 | factor 30912
11856,0.7446862382636431,126,1000,1000 | factor 11856
